<?xml version="1.0" encoding="UTF-8"?>
<project-private xmlns="http://www.netbeans.org/ns/project-private/1">
    <editor-bookmarks xmlns="http://www.netbeans.org/ns/editor-bookmarks/2" lastBookmarkId="0"/>
    <open-files xmlns="http://www.netbeans.org/ns/projectui-open-files/2">
        <group>
            <file>file:/C:/Users/helie/OneDrive/Documentos/Aulas/Graduacao/Sabado/aula9/web/WEB-INF/web.xml</file>
            <file>file:/C:/Users/helie/OneDrive/Documentos/Aulas/Graduacao/Sabado/aula9/nbproject/build-impl.xml</file>
            <file>file:/C:/Users/helie/OneDrive/Documentos/Aulas/Graduacao/Sabado/aula9/src/java/com/ifsp/edu/model/IUsuarioDAO.java</file>
            <file>file:/C:/Users/helie/OneDrive/Documentos/Aulas/Graduacao/Sabado/aula9/src/java/com/ifsp/edu/model/UsuarioDAO.java</file>
            <file>file:/C:/Users/helie/OneDrive/Documentos/Aulas/Graduacao/Sabado/aula9/web/veiculo_lista.jsp</file>
            <file>file:/C:/Users/helie/OneDrive/Documentos/Aulas/Graduacao/Sabado/aula9/src/java/com/ifsp/edu/model/Usuario.java</file>
            <file>file:/C:/Users/helie/OneDrive/Documentos/Aulas/Graduacao/Sabado/aula9/src/conf/MANIFEST.MF</file>
            <file>file:/C:/Users/helie/OneDrive/Documentos/Aulas/Graduacao/Sabado/aula9/src/java/com/ifsp/edu/model/DAOFactory.java</file>
            <file>file:/C:/Users/helie/OneDrive/Documentos/Aulas/Graduacao/Sabado/aula9/src/java/META-INF/persistence.xml</file>
            <file>file:/C:/Users/helie/OneDrive/Documentos/Aulas/Graduacao/Sabado/aula9/web/veiculo_alterar.jsp</file>
            <file>file:/C:/Users/helie/OneDrive/Documentos/Aulas/Graduacao/Sabado/aula9/web/veiculo_cadastro.jsp</file>
            <file>file:/C:/Users/helie/OneDrive/Documentos/Aulas/Graduacao/Sabado/aula9/src/java/com/ifsp/edu/controller/fimSessao.java</file>
            <file>file:/C:/Users/helie/OneDrive/Documentos/Aulas/Graduacao/Sabado/aula9/web/menu.jsp</file>
            <file>file:/C:/Users/helie/OneDrive/Documentos/Aulas/Graduacao/Sabado/aula9/src/java/com/ifsp/edu/controller/login.java</file>
        </group>
    </open-files>
</project-private>
